ctry_orig,ctry_pref
Abkhazia,Abkhazia
AF,Afghanistan
AFGHANISTAN,Afghanistan
Afghanistan,Afghanistan
"Afghanistan, Islamic Republic of",Afghanistan
Africa,Aggregate: Africa
Africa +,Aggregate: Africa
Aggregate: Africa,Aggregate: Africa
XF,Aggregate: Africa
Aggregate: Americas,Aggregate: Americas
Americas,Aggregate: Americas
Americas +,Aggregate: Americas
Aggregate: Arab World,Aggregate: Arab World
Arab World,Aggregate: Arab World
Aggregate: Asia,Aggregate: Asia
Asia,Aggregate: Asia
Asia +,Aggregate: Asia
XS,Aggregate: Asia
Aggregate: Australia and New Zealand,Aggregate: Australia and New Zealand
Australia & NZ,Aggregate: Australia and New Zealand
Australia and New Zealand,Aggregate: Australia and New Zealand
Australia and New Zealand +,Aggregate: Australia and New Zealand
Australia/New Zealand,Aggregate: Australia and New Zealand
Aggregate: Baltic States,Aggregate: Baltic States
Baltic States,Aggregate: Baltic States
Aggregate: Belgium-Luxembourg,Aggregate: Belgium-Luxembourg
Belgium-Luxembourg,Aggregate: Belgium-Luxembourg
Aggregate: Caribbean,Aggregate: Caribbean
Caribbean,Aggregate: Caribbean
Caribbean +,Aggregate: Caribbean
XC,Aggregate: Caribbean
Aggregate: Caribbean small states,Aggregate: Caribbean small states
Small states,Aggregate: Caribbean small states
Aggregate: Central America,Aggregate: Central America
Central America,Aggregate: Central America
Central America +,Aggregate: Central America
Aggregate: Central Asia,Aggregate: Central Asia
Central Asia,Aggregate: Central Asia
Central Asia +,Aggregate: Central Asia
Aggregate: Central Europe (rest of),Aggregate: Central Europe (rest of)
Central Europe (Rest of),Aggregate: Central Europe (rest of)
Aggregate: East Asia & Pacific (all income levels),Aggregate: East Asia & Pacific (all income levels)
East Asia & Pacific (all income levels),Aggregate: East Asia & Pacific (all income levels)
East Asia (Rest of),Aggregate: East Asia & Pacific (all income levels)
Aggregate: East Asia & Pacific (developing only),Aggregate: East Asia & Pacific (developing only)
East Asia & Pacific (developing only),Aggregate: East Asia & Pacific (developing only)
Aggregate: Eastern Africa,Aggregate: Eastern Africa
Eastern Africa,Aggregate: Eastern Africa
Eastern Africa +,Aggregate: Eastern Africa
Aggregate: Eastern Asia,Aggregate: Eastern Asia
Eastern Asia,Aggregate: Eastern Asia
Eastern Asia +,Aggregate: Eastern Asia
Aggregate: Eastern Europe,Aggregate: Eastern Europe
Eastern Europe,Aggregate: Eastern Europe
Eastern Europe +,Aggregate: Eastern Europe
Aggregate: Euro Area,Aggregate: Euro Area
Euro Area,Aggregate: Euro Area
Aggregate: Europe,Aggregate: Europe
Europe,Aggregate: Europe
Europe +,Aggregate: Europe
XE,Aggregate: Europe
Aggregate: Europe & Central Asia (all income levels),Aggregate: Europe & Central Asia (all income levels)
Europe & Central Asia (all income levels),Aggregate: Europe & Central Asia (all income levels)
Aggregate: Europe & Central Asia (developing only),Aggregate: Europe & Central Asia (developing only)
Europe & Central Asia (developing only),Aggregate: Europe & Central Asia (developing only)
Aggregate: Former Soviet Union - Asia,Aggregate: Former Soviet Union - Asia
Asian FSU,Aggregate: Former Soviet Union - Asia
Aggregate: Heavily indebted poor countries (HIPC),Aggregate: Heavily indebted poor countries (HIPC)
Heavily indebted poor countries (HIPC),Aggregate: Heavily indebted poor countries (HIPC)
Aggregate: High income,Aggregate: High income
High income,Aggregate: High income
Aggregate: High income: OECD,Aggregate: High income: OECD
High income: OECD,Aggregate: High income: OECD
Aggregate: High income: nonOECD,Aggregate: High income: nonOECD
High income: nonOECD,Aggregate: High income: nonOECD
Aggregate: LandLocked developing countries,Aggregate: LandLocked developing countries
LandLocked developing countries,Aggregate: LandLocked developing countries
LandLocked developing countries +,Aggregate: LandLocked developing countries
Aggregate: Latin America & Caribbean (all income levels),Aggregate: Latin America & Caribbean (all income levels)
Latin America & Caribbean (all income levels),Aggregate: Latin America & Caribbean (all income levels)
Aggregate: Latin America & Caribbean (developing only),Aggregate: Latin America & Caribbean (developing only)
Latin America & Caribbean (developing only),Aggregate: Latin America & Caribbean (developing only)
Aggregate: Latin America and the Caribbean,Aggregate: Latin America and the Caribbean
Latin America and the Caribbean,Aggregate: Latin America and the Caribbean
Aggregate: Least Developed Countries,Aggregate: Least Developed Countries
Least Developed Countries,Aggregate: Least Developed Countries
Least Developed Countries +,Aggregate: Least Developed Countries
Aggregate: Least developed countries: UN classification,Aggregate: Least developed countries: UN classification
Least developed countries: UN classification,Aggregate: Least developed countries: UN classification
Aggregate: Less dev. reg. - China,Aggregate: Less dev. reg. - China
Less dev. reg. - China,Aggregate: Less dev. reg. - China
Aggregate: Less dev. reg.-least dev. c.,Aggregate: Less dev. reg.-least dev. c.
Less dev. reg.-least dev. c.,Aggregate: Less dev. reg.-least dev. c.
Aggregate: Less developed regions,Aggregate: Less developed regions
Less developed regions,Aggregate: Less developed regions
Aggregate: Low & middle income,Aggregate: Low & middle income
Low & middle income,Aggregate: Low & middle income
Aggregate: Low Income Food Deficit Countries,Aggregate: Low Income Food Deficit Countries
Low Income Food Deficit Countries,Aggregate: Low Income Food Deficit Countries
Low Income Food Deficit Countries +,Aggregate: Low Income Food Deficit Countries
Aggregate: Low income,Aggregate: Low income
Low income,Aggregate: Low income
Aggregate: Lower middle income,Aggregate: Lower middle income
Lower middle income,Aggregate: Lower middle income
Aggregate: Melanesia,Aggregate: Melanesia
Melanesia,Aggregate: Melanesia
Melanesia +,Aggregate: Melanesia
Aggregate: Middle Africa,Aggregate: Middle Africa
Middle Africa,Aggregate: Middle Africa
Middle Africa +,Aggregate: Middle Africa
Aggregate: Middle East,Aggregate: Middle East
Middle East,Aggregate: Middle East
Aggregate: Middle East & North Africa (all income levels),Aggregate: Middle East & North Africa (all income levels)
Middle East & North Africa (all income levels),Aggregate: Middle East & North Africa (all income levels)
Aggregate: Middle East & North Africa (developing only),Aggregate: Middle East & North Africa (developing only)
Middle East & North Africa (developing only),Aggregate: Middle East & North Africa (developing only)
Aggregate: Middle income,Aggregate: Middle income
Middle income,Aggregate: Middle income
Aggregate: More developed regions,Aggregate: More developed regions
More developed regions,Aggregate: More developed regions
Aggregate: Net Food Importing Developing Countries,Aggregate: Net Food Importing Developing Countries
Net Food Importing Developing Countries,Aggregate: Net Food Importing Developing Countries
Net Food Importing Developing Countries +,Aggregate: Net Food Importing Developing Countries
Aggregate: Northern Africa,Aggregate: Northern Africa
Northern Africa,Aggregate: Northern Africa
Northern Africa +,Aggregate: Northern Africa
Aggregate: Northern America,Aggregate: Northern America
North America,Aggregate: Northern America
Northern America,Aggregate: Northern America
Northern America +,Aggregate: Northern America
Aggregate: Northern Europe,Aggregate: Northern Europe
Northern Europe,Aggregate: Northern Europe
Northern Europe +,Aggregate: Northern Europe
Aggregate: Not classified,Aggregate: Not classified
Not classified,Aggregate: Not classified
Aggregate: OECD members,Aggregate: OECD members
OECD members,Aggregate: OECD members
Aggregate: Oceania,Aggregate: Oceania
Oceania,Aggregate: Oceania
Oceania +,Aggregate: Oceania
Aggregate: Other Africa,Aggregate: Other Africa
Other Africa,Aggregate: Other Africa
Aggregate: Other NEI,Aggregate: Other NEI
Other nei,Aggregate: Other NEI
Aggregate: Other small states,Aggregate: Other small states
Caribbean small states,Aggregate: Other small states
Aggregate: Pacific island small states,Aggregate: Pacific island small states
Other small states,Aggregate: Pacific island small states
Aggregate: Polynesia,Aggregate: Polynesia
Polynesia,Aggregate: Polynesia
Polynesia +,Aggregate: Polynesia
Aggregate: Small Island Developing States,Aggregate: Small Island Developing States
Pacific island small states,Aggregate: Small Island Developing States
Small Island Developing States,Aggregate: Small Island Developing States
Small Island Developing States +,Aggregate: Small Island Developing States
Aggregate: Small states,Aggregate: Small states
Aggregate: South America,Aggregate: South America
South America,Aggregate: South America
South America +,Aggregate: South America
XM,Aggregate: South America
Aggregate: South America without Brazil,Aggregate: South America without Brazil
South America (Rest of),Aggregate: South America without Brazil
Aggregate: South Asia,Aggregate: South Asia
South Asia,Aggregate: South Asia
South Asia (Rest of),Aggregate: South Asia
Aggregate: South-Central Asia,Aggregate: South-Central Asia
South-Central Asia,Aggregate: South-Central Asia
Aggregate: South-Eastern Asia,Aggregate: South-Eastern Asia
South-Eastern Asia,Aggregate: South-Eastern Asia
South-Eastern Asia +,Aggregate: South-Eastern Asia
Aggregate: Southeastern Asia,Aggregate: Southeastern Asia
Southeastern Asia (Rest of),Aggregate: Southeastern Asia
Aggregate: Southern Africa,Aggregate: Southern Africa
Southern Africa,Aggregate: Southern Africa
Southern Africa +,Aggregate: Southern Africa
Aggregate: Southern Asia,Aggregate: Southern Asia
Southern Asia,Aggregate: Southern Asia
Southern Asia +,Aggregate: Southern Asia
Aggregate: Southern Europe,Aggregate: Southern Europe
Southern Europe,Aggregate: Southern Europe
Southern Europe +,Aggregate: Southern Europe
Aggregate: Sub-Saharan Africa,Aggregate: Sub-Saharan Africa
Sub-Saharan Africa,Aggregate: Sub-Saharan Africa
Sub-Saharan Africa (all income levels),Aggregate: Sub-Saharan Africa
Aggregate: Sub-Saharan Africa (developing only),Aggregate: Sub-Saharan Africa (developing only)
Sub-Saharan Africa (developing only),Aggregate: Sub-Saharan Africa (developing only)
Aggregate: Upper middle income,Aggregate: Upper middle income
Upper middle income,Aggregate: Upper middle income
Aggregate: Western Africa,Aggregate: Western Africa
Western Africa,Aggregate: Western Africa
Western Africa +,Aggregate: Western Africa
Aggregate: Western Asia,Aggregate: Western Asia
Western Asia,Aggregate: Western Asia
Western Asia +,Aggregate: Western Asia
Aggregate: Western Europe,Aggregate: Western Europe
Western Europe,Aggregate: Western Europe
Western Europe +,Aggregate: Western Europe
Aggregate: Western Europe (rest of),Aggregate: Western Europe (rest of)
Western Europe (Rest of),Aggregate: Western Europe (rest of)
Aggregate: World,Aggregate: World
World,Aggregate: World
World +,Aggregate: World
Agreement,Agreement
Treaty,Agreement
Akrotiri and Dhekelia,Akrotiri and Dhekelia
AX,Aland Islands
Aland Islands,Aland Islands
AL,Albania
ALBANIA,Albania
Albania,Albania
Albanie,Albania
ALGERIA,Algeria
Algeria,Algeria
Algérie,Algeria
DZ,Algeria
AS,American Samoa
American Samoa,American Samoa
American_Samoa,American Samoa
AD,Andorra
ANDORRA,Andorra
Andorra,Andorra
Andorre,Andorra
ANGOLA,Angola
AO,Angola
Angola,Angola
AI,Anguilla
Anguilla,Anguilla
AQ,Antarctica
Antarctica,Antarctica
AG,Antigua and Barbuda
ANTIGUA,Antigua and Barbuda
ANTIGUA AND BARBUDA,Antigua and Barbuda
Antigua,Antigua and Barbuda
Antigua & Barbuda,Antigua and Barbuda
Antigua and Barbud,Antigua and Barbuda
Antigua and Barbuda,Antigua and Barbuda
Antigua et Barbuda,Antigua and Barbuda
Antigua-et-Barbuda,Antigua and Barbuda
Antigua_and_Barbuda,Antigua and Barbuda
Barbuda,Antigua and Barbuda
antiguabarbuda,Antigua and Barbuda
AR,Argentina
ARGENTINA,Argentina
Argentina,Argentina
Argentine,Argentina
Argentine Republic,Argentina
AM,Armenia
ARMENIA,Armenia
Armenia,Armenia
Arménie,Armenia
Республика Армения,Armenia
Armenia (backcast),Armenia (backcast)
Armenia Backcast - Mitchell,Armenia (backcast)
Armenia Backcast - Original Source,Armenia (backcast)
AW,Aruba
Aruba,Aruba
AU,Australia
AUSTRALIA,Australia
Australia,Australia
Australie,Australia
AT,Austria
AUST EMPIRE,Austria
AUST-HUNG,Austria
AUSTRIA,Austria
Austria,Austria
Autriche,Austria
Austria-Hungary,Austria-Hungary
Austria/Hungary,Austria-Hungary
Austro-Hungaria,Austria-Hungary
austriahungary,Austria-Hungary
??????????????? ??????????,Azerbaijan
AZ,Azerbaijan
AZERBAIJAN,Azerbaijan
Azerbaijan,Azerbaijan
Azerbaïdjan,Azerbaijan
Azerbeijan,Azerbaijan
Азербайджанская Республика,Azerbaijan
Azerbaijan (backcast),Azerbaijan (backcast)
Azerbaijan Backcast - Mitchell,Azerbaijan (backcast)
Azerbaijan Backcast - Original Source,Azerbaijan (backcast)
Azores Is,Azores Islands
Azores Islands,Azores Islands
BAHAMAS,Bahamas
BS,Bahamas
Bahamas,Bahamas
"Bahamas, The",Bahamas
The Bahamas,Bahamas
BAHRAIN,Bahrain
BH,Bahrain
Bahrain,Bahrain
"Bahrain, Kingdom of",Bahrain
Bahreïn,Bahrain
BANGLADESH,Bangladesh
BD,Bangladesh
Bangladesh,Bangladesh
BARBADOS,Barbados
BB,Barbados
Barbade,Barbados
Barbados,Barbados
?????????? ????????,Belarus
BELARUS,Belarus
BY,Belarus
Belarus,Belarus
Belarus (Byelorussia),Belarus
Byelorussian Soviet Socialist Republic,Belarus
Bélarus,Belarus
Республика Беларусь,Belarus
Belarus (Soviet period),Belarus (Soviet period)
Belarus (backcast),Belarus (backcast)
Belarus Backcast - Mitchell,Belarus (backcast)
Belarus Backcast - Original Source,Belarus (backcast)
BE,Belgium
BELGIUM,Belgium
Belgique,Belgium
Belgium,Belgium
Belgium (Brussels),Belgium (Brussels)
Brussels Region,Belgium (Brussels)
Brussels_Region,Belgium (Brussels)
Belgium (Flemish),Belgium (Flemish)
Flemish Region,Belgium (Flemish)
Flemish_Region,Belgium (Flemish)
Belgium (Walloon),Belgium (Walloon)
Walloon Region,Belgium (Walloon)
Walloon_Region,Belgium (Walloon)
BELIZE,Belize
BZ,Belize
Belize,Belize
BENIN,Benin
BJ,Benin
Benin,Benin
Bénin,Benin
DAHOMEY,Benin
Dahomey,Benin
BM,Bermuda
Bermuda,Bermuda
BHUTAN,Bhutan
BT,Bhutan
Bhoutan,Bhutan
Bhutan,Bhutan
BO,Bolivia
BOLIVIA,Bolivia
Bolivarian Republic of Venezuela,Bolivia
Bolivia,Bolivia
Bolivia (Plurinat.State),Bolivia
Bolivia (Plurinational State of),Bolivia
Bolivie,Bolivia
Bonaire,Bonaire
"Bonaire, Sint Eustatius and Saba",Bonaire
Bophutatswana,Bophutatswana
BA,Bosnia and Herzegovina
BOSNIA-HERZ,Bosnia and Herzegovina
Bosnia,Bosnia and Herzegovina
Bosnia & Herzegovina,Bosnia and Herzegovina
Bosnia and Herzego,Bosnia and Herzegovina
Bosnia and Herzegovina,Bosnia and Herzegovina
Bosnia-Herzegovina,Bosnia and Herzegovina
Bosnia_and_Herzegovina,Bosnia and Herzegovina
Bosnie et Herzégovine,Bosnia and Herzegovina
Bosnia and Herzegovina (backcast),Bosnia and Herzegovina (backcast)
Bosnia and Herzegovina Backcast - Mitchell,Bosnia and Herzegovina (backcast)
Bosnia and Herzegovina Backcast - Original Source,Bosnia and Herzegovina (backcast)
Bosnia and Herzegovina (pre-1992),Bosnia and Herzegovina (pre-1992)
BOTSWANA,Botswana
BW,Botswana
Botswana,Botswana
BV,Bouvet Island
Bouvet Island,Bouvet Island
BR,Brazil
BRAZIL,Brazil
Brasil,Brazil
Brazil,Brazil
Brésil,Brazil
British Indian Ocean Ter,British Indian Ocean Territory
British Indian Ocean Territory,British Indian Ocean Territory
IO,British Indian Ocean Territory
British Virgin Islands,British Virgin Islands
British_Virgin_Islands,British Virgin Islands
Royaume-Uni-Iles Vierges britanniques,British Virgin Islands
VG,British Virgin Islands
Virgin Islands,British Virgin Islands
"Virgin Islands, British",British Virgin Islands
BN,Brunei Darussalam
BRUNEI,Brunei Darussalam
Brunei,Brunei Darussalam
Brunei Darussalam,Brunei Darussalam
Brunei_Darussalam,Brunei Darussalam
Brunéi,Brunei Darussalam
 Bulgaria,Bulgaria
BG,Bulgaria
BULGARIA,Bulgaria
Bulgaria,Bulgaria
Bulgarie,Bulgaria
BF,Burkina Faso
BURKNA FASO,Burkina Faso
Burkina Faso,Burkina Faso
Burkina Faso (Upper Volta),Burkina Faso
Burkina_Faso,Burkina Faso
UPPER VOLTA,Burkina Faso
Upper Volta,Burkina Faso
Upper_Volta,Burkina Faso
burkinafaso,Burkina Faso
BI,Burundi
BURUNDI,Burundi
Burundi,Burundi
 Khmer Republic,Cambodia
CAMBODIA,Cambodia
Cambodge,Cambodia
Cambodia,Cambodia
Cambodia (Kampuchea),Cambodia
Democratic Kampuchea,Cambodia
KAMPUCHEA,Cambodia
KH,Cambodia
KHMER REP,Cambodia
Kampuchea,Cambodia
Khmer Republic,Cambodia
Cambodia (pre-1953),Cambodia (pre-1953)
CAMEROON,Cameroon
CM,Cameroon
Cameroon,Cameroon
Cameroun,Cameroon
CA,Canada
CANADA,Canada
Canada,Canada
Canary Is,Canary Islands
Canary Islands,Canary Islands
C VERDE IS,Cape Verde
CV,Cape Verde
Cabo Verde,Cape Verde
Cap Vert,Cape Verde
Cap-Vert,Cape Verde
Cape Verde,Cape Verde
Cape Verde Islands,Cape Verde
Cape_Verde,Cape Verde
Cayman Islands,Cayman Islands
Cayman_Islands,Cayman Islands
KY,Cayman Islands
CEN AFR REP,Central African Republic
CF,Central African Republic
Cen African Rep,Central African Republic
Centrafrique,Central African Republic
Central African Re,Central African Republic
Central African Rep.,Central African Republic
Central African Republic,Central African Republic
Central_African_Republic,Central African Republic
République Centrafricaine,Central African Republic
car,Central African Republic
CEN AFR EMP,Central African Republic (pre-1960)
Central African Republic (pre-1960),Central African Republic (pre-1960)
CHAD,Chad
Chad,Chad
TD,Chad
Tchad,Chad
Chad (pre-1960),Chad (pre-1960)
Channel Islands,Channel Islands
CHILE,Chile
CL,Chile
Chile,Chile
Chili,Chile
CHINA,China
CHINA PR,China
CHINA REP,China
CN,China
China,China
China (People's Republic of),China
"China, People's Republic of",China
Chine,China
People's Rep of China,China
People's Republic of China,China
République populaire de Chine,China
CX,Christmas Island
Christmas Island,Christmas Island
Ciskei,Ciskei
CC,Cocos (Keeling) Islands
Cocos (Keeling) Islands,Cocos (Keeling) Islands
CO,Colombia
COLOMBIA,Colombia
Colombia,Colombia
Colombie,Colombia
COMORO IS,Comoros
Comores,Comoros
Comoro Islands,Comoros
Comoros,Comoros
KM,Comoros
 Congo-Leopoldville,"Congo, Democratic Republic of"
CD,"Congo, Democratic Republic of"
CONGO (KIN),"Congo, Democratic Republic of"
CONGO DR,"Congo, Democratic Republic of"
Congo (Kinshasa),"Congo, Democratic Republic of"
Congo Dem,"Congo, Democratic Republic of"
Congo Democratic Republic of,"Congo, Democratic Republic of"
Congo Kinshasa,"Congo, Democratic Republic of"
"Congo, Dem. Rep.","Congo, Democratic Republic of"
"Congo, Dem. Rep. of","Congo, Democratic Republic of"
"Congo, Dem. Rep. of the","Congo, Democratic Republic of"
"Congo, Dem. Republic of","Congo, Democratic Republic of"
"Congo, Democratic Republic","Congo, Democratic Republic of"
"Congo, Democratic Republic of","Congo, Democratic Republic of"
"Congo, Democratic Republic of (Zaire)","Congo, Democratic Republic of"
"Congo, Kinshasa","Congo, Democratic Republic of"
Congo-Leopoldville,"Congo, Democratic Republic of"
Congo_Dem,"Congo, Democratic Republic of"
D.R. of the Congo,"Congo, Democratic Republic of"
Dem. Rep. of the Congo,"Congo, Democratic Republic of"
Democratic Rep. of Congo,"Congo, Democratic Republic of"
Democratic Rep. of the Congo,"Congo, Democratic Republic of"
Democratic Republic of Congo,"Congo, Democratic Republic of"
Democratic Republic of the Congo,"Congo, Democratic Republic of"
Democratic_Republic_of_Congo,"Congo, Democratic Republic of"
ZAIRE,"Congo, Democratic Republic of"
Zaire,"Congo, Democratic Republic of"
Zaire (formerly Congo (Leopoldville)),"Congo, Democratic Republic of"
Zaïre,"Congo, Democratic Republic of"
"Congo, Democratic Republic of (pre-1960)","Congo, Democratic Republic of (pre-1960)"
 Congo-Brazzaville,"Congo, Republic of the"
CG,"Congo, Republic of the"
CONGO,"Congo, Republic of the"
CONGO (BRA),"Congo, Republic of the"
CONGO REP,"Congo, Republic of the"
CONGO Republic,"Congo, Republic of the"
Congo,"Congo, Republic of the"
Congo (Brazzaville),"Congo, Republic of the"
Congo (Republic of the),"Congo, Republic of the"
Congo Brazzaville,"Congo, Republic of the"
Congo Rep,"Congo, Republic of the"
"Congo, Brazzaville","Congo, Republic of the"
"Congo, Rep.","Congo, Republic of the"
"Congo, Republic of","Congo, Republic of the"
"Congo, Republic of the","Congo, Republic of the"
Congo-Brazzaville,"Congo, Republic of the"
Congo_Rep,"Congo, Republic of the"
Republic of Congo,"Congo, Republic of the"
Republic of the Congo,"Congo, Republic of the"
congobrazz,"Congo, Republic of the"
"Congo, Republic of the (pre-1960)","Congo, Republic of the (pre-1960)"
CK,Cook Islands
Cook Islands,Cook Islands
Cook Islands (New Zealand),Cook Islands
Cook_Islands,Cook Islands
Iles Cook,Cook Islands
COSTA RICA,Costa Rica
CR,Costa Rica
Costa Rica,Costa Rica
Costa_Rica,Costa Rica
 C�te d'Ivoire,Cote d'Ivoire
 C�te d�Ivoire,Cote d'Ivoire
CI,Cote d'Ivoire
COTE D'IVOR,Cote d'Ivoire
Cote D?Ivoire,Cote d'Ivoire
Cote D’Ivoire,Cote d'Ivoire
Cote d'Ivoire,Cote d'Ivoire
Côte d'Ivoire,Cote d'Ivoire
Côte d'Ivoire,Cote d'Ivoire
Côte d?Ivoire,Cote d'Ivoire
C�te d'Ivoire,Cote d'Ivoire
C�te d�Ivoire,Cote d'Ivoire
IVORY COAST,Cote d'Ivoire
Ivory Coast,Cote d'Ivoire
Ivory_Coast,Cote d'Ivoire
CROATIA,Croatia
Croatia,Croatia
Croatie,Croatia
HR,Croatia
Croatia (backcast),Croatia (backcast)
Croatia Backcast - Mitchell,Croatia (backcast)
Croatia Backcast - Original Source,Croatia (backcast)
Croatia (pre-1991),Croatia (pre-1991)
CU,Cuba
CUBA,Cuba
Cuba,Cuba
Curacao,Curacao
Curaçao,Curacao
CY,Cyprus
CYPRUS,Cyprus
Chypre,Cyprus
Cyprus,Cyprus
Northern Cyprus,Cyprus
Czech Republic (backcast),Czech Republic (backcast)
Czech Republic Backcast - Mitchell,Czech Republic (backcast)
Czech Republic Backcast - Original Source,Czech Republic (backcast)
 Czechoslovakia,Czechia
CZ,Czechia
CZECH REP,Czechia
CZECHOS'KIA,Czechia
Czech Rep,Czechia
Czech Republic,Czechia
Czech_Republic,Czechia
Czechia,Czechia
Czechoslovakia,Czechia
Czechoslovakia (Former),Czechia
Former Czechoslovakia,Czechia
République Tchèque,Czechia
Tchéquie,Czechia
ZC,Czechia
czechrep,Czechia
Czechoslovakia (forecast),Czechoslovakia (forecast)
Czechoslovakia Forecast - Mitchell,Czechoslovakia (forecast)
Czechoslovakia Forecast - Original Source,Czechoslovakia (forecast)
DENMARK,Denmark
DK,Denmark
Danemark,Denmark
Denmar,Denmark
Denmark,Denmark
Denmark (European Community),Denmark
Denmark (for Faroe Islands),Denmark
DJ,Djibouti
DJIBOUTI,Djibouti
Djibouti,Djibouti
DM,Dominica
DOMINICA,Dominica
Dominica,Dominica
Dominique,Dominica
DO,Dominican Republic
DOMIN REP,Dominican Republic
Dominican Rep,Dominican Republic
Dominican Republic,Dominican Republic
Dominican_Republic,Dominican Republic
République Dominicaine,Dominican Republic
SANTO DOMIN,Dominican Republic
EMEP Land Areas in the extended domain,EMEP Land Areas in the extended domain
EMEP Land Areas in the extended domain ,EMEP Land Areas in the extended domain
ARO,EMEP-Aral Lake in the former official EMEP domain
Aral Lake in the former official EMEP domain,EMEP-Aral Lake in the former official EMEP domain
EMEP-Aral Lake in the former official EMEP domain,EMEP-Aral Lake in the former official EMEP domain
AOE,EMEP-Arctic Ocean in the extended EMEP domain
Arctic Ocean in the extended EMEP domain,EMEP-Arctic Ocean in the extended EMEP domain
EMEP-Arctic Ocean in the extended EMEP domain,EMEP-Arctic Ocean in the extended EMEP domain
EMEP-Arctic Ocean in the former official EMEP domain,EMEP-Arctic Ocean in the former official EMEP domain
EMEP-BIC,EMEP-BIC
BAS,EMEP-Baltic Sea
Baltic Sea,EMEP-Baltic Sea
EMEP-Baltic Sea,EMEP-Baltic Sea
The Baltic Sea,EMEP-Baltic Sea
EMEP-Biogenic sea emissions,EMEP-Biogenic sea emissions
BLS,EMEP-Black Sea
Black Sea,EMEP-Black Sea
EMEP-Black Sea,EMEP-Black Sea
The Black Sea,EMEP-Black Sea
BIC,EMEP-Boundary and initial conditions
Boundary and initial conditions,EMEP-Boundary and initial conditions
EMEP-Boundary and initial conditions,EMEP-Boundary and initial conditions
CAS,EMEP-Caspian Sea
Caspian Sea,EMEP-Caspian Sea
EMEP-Caspian Sea,EMEP-Caspian Sea
Deposition of Indeterminate Origins,EMEP-Deposition of Indeterminate Origins
EMEP-Deposition of Indeterminate Origins,EMEP-Deposition of Indeterminate Origins
EMEP-GL,EMEP-GL
EMEP-Kaliningrad,EMEP-Kaliningrad
Kaliningrad,EMEP-Kaliningrad
RUA,EMEP-Kaliningrad
EMEP-Kazakhstan in the former official EMEP domain,EMEP-Kazakhstan in the former official EMEP domain
Kazakhstan in the former official EMEP domain,EMEP-Kazakhstan in the former official EMEP domain
EMEP-Kola/Karelia,EMEP-Kola/Karelia
Kola/Karelia,EMEP-Kola/Karelia
RUO,EMEP-Kola/Karelia
EMEP-Mediterranean Sea,EMEP-Mediterranean Sea
MED,EMEP-Mediterranean Sea
Mediterranean Sea,EMEP-Mediterranean Sea
The Mediterranean Sea,EMEP-Mediterranean Sea
ASM,EMEP-Modified Remaining Asian Areas in the former official EMEP domain
EMEP-Modified Remaining Asian Areas in the former official EMEP domain,EMEP-Modified Remaining Asian Areas in the former official EMEP domain
Modified Remaining Asian Areas in the former official EMEP domain,EMEP-Modified Remaining Asian Areas in the former official EMEP domain
Biogenic sea emissions,EMEP-Natural marine emissions
EMEP-Natural marine emissions,EMEP-Natural marine emissions
NAT,EMEP-Natural marine emissions
Natural marine emissions,EMEP-Natural marine emissions
EMEP-North Africa,EMEP-North Africa
NOA,EMEP-North Africa
North Africa,EMEP-North Africa
EMEP-North Sea,EMEP-North Sea
NOS,EMEP-North Sea
North Sea,EMEP-North Sea
The North Sea,EMEP-North Sea
ASI,EMEP-Remaining Asian Areas
EMEP-Remaining Asian Areas,EMEP-Remaining Asian Areas
Remaining Asian Areas,EMEP-Remaining Asian Areas
ASE,EMEP-Remaining Asian Areas in the extended EMEP domain
EMEP-Remaining Asian Areas in the extended EMEP domain,EMEP-Remaining Asian Areas in the extended EMEP domain
Remaining Asian Areas in the extended EMEP domain,EMEP-Remaining Asian Areas in the extended EMEP domain
EMEP-Remaining Land Areas,EMEP-Remaining Land Areas
Remaining Land Areas,EMEP-Remaining Land Areas
ATL,EMEP-Remaining North-East Atlantic Ocean
EMEP-Remaining North-East Atlantic Ocean,EMEP-Remaining North-East Atlantic Ocean
Remaining N.E. Atlantic,EMEP-Remaining North-East Atlantic Ocean
Remaining North-East Atlantic Ocean,EMEP-Remaining North-East Atlantic Ocean
remaining N.E.Atlantic Ocean,EMEP-Remaining North-East Atlantic Ocean
ARE,EMEP-Rest of Aral Lake in the extended EMEP domain
EMEP-Rest of Aral Lake in the extended EMEP domain,EMEP-Rest of Aral Lake in the extended EMEP domain
Rest of Aral Lake in the extended EMEP domain,EMEP-Rest of Aral Lake in the extended EMEP domain
EMEP-Rest of Kazakhstan in the extended EMEP domain,EMEP-Rest of Kazakhstan in the extended EMEP domain
KZE,EMEP-Rest of Kazakhstan in the extended EMEP domain
Rest of Kazakhstan in the extended EMEP domain,EMEP-Rest of Kazakhstan in the extended EMEP domain
EMEP-Rest of Russian Federation,EMEP-Rest of Russian Federation
EMEP-Rest of Russian Federation in the extended EMEP domain,EMEP-Rest of Russian Federation in the extended EMEP domain
RFE,EMEP-Rest of Russian Federation in the extended EMEP domain
Rest of Russian Federation in the extended EMEP domain,EMEP-Rest of Russian Federation in the extended EMEP domain
EMEP-Rest of Turkmenistan in the extended EMEP domain,EMEP-Rest of Turkmenistan in the extended EMEP domain
Rest of Turkmenistan in the extended EMEP domain,EMEP-Rest of Turkmenistan in the extended EMEP domain
TME,EMEP-Rest of Turkmenistan in the extended EMEP domain
EMEP-Rest of Uzbekistan in the extended EMEP domain,EMEP-Rest of Uzbekistan in the extended EMEP domain
Rest of Uzbekistan in the extended EMEP domain,EMEP-Rest of Uzbekistan in the extended EMEP domain
UZE,EMEP-Rest of Uzbekistan in the extended EMEP domain
EMEP-Rest of the Russian Federation,EMEP-Rest of the Russian Federation
RUR,EMEP-Rest of the Russian Federation
Rest of the Russian Federation,EMEP-Rest of the Russian Federation
EMEP-Russian Federation in the former official EMEP domain,EMEP-Russian Federation in the former official EMEP domain
EMEP-St. Petersburg/Novgorod-Pskov,EMEP-St. Petersburg/Novgorod-Pskov
RUP,EMEP-St. Petersburg/Novgorod-Pskov
St. Petersburg/Novgorod-Pskov,EMEP-St. Petersburg/Novgorod-Pskov
EMEP-Total attributable sources,EMEP-Total attributable sources
Total attributable sources,EMEP-Total attributable sources
EMEP-Turkmenistan in the former official EMEP domain,EMEP-Turkmenistan in the former official EMEP domain
TMO,EMEP-Turkmenistan in the former official EMEP domain
Turkmenistan in the former official EMEP domain,EMEP-Turkmenistan in the former official EMEP domain
EMEP-Uzbekistan in the former official EMEP domain,EMEP-Uzbekistan in the former official EMEP domain
UZO,EMEP-Uzbekistan in the former official EMEP domain
Uzbekistan in the former official EMEP domain,EMEP-Uzbekistan in the former official EMEP domain
EMEP-Volcanic emissions,EMEP-Volcanic emissions
VOL,EMEP-Volcanic emissions
Volcanic emissions,EMEP-Volcanic emissions
ATX,EMEP-external Remaining North-East Atlantic Ocean
EMEP-external Remaining North-East Atlantic Ocean,EMEP-external Remaining North-East Atlantic Ocean
EMEP-external part of Russian Federation,EMEP-external part of Russian Federation
RUX,EMEP-external part of Russian Federation
EMEP: Introduction from the Sea,EMEP: Introduction from the Sea
ZZ,EMEP: Introduction from the Sea
EC,Ecuador
ECUADOR,Ecuador
Ecuador,Ecuador
Equateur,Ecuador
 United Arab Republic,Egypt
EG,Egypt
EGYPT,Egypt
Egypt,Egypt
"Egypt, Arab Rep.",Egypt
"Egypt, Arab Republic of",Egypt
Egypte,Egypt
UAR,Egypt
United Arab Republic,Egypt
EL SALVADOR,El Salvador
El Salvador,El Salvador
El_Salvador,El Salvador
SV,El Salvador
 Equitorial Guinea,Equatorial Guinea
EQUA GUINEA,Equatorial Guinea
Equatorial Guinea,Equatorial Guinea
Equatorial_Guinea,Equatorial Guinea
Equitorial Guinea,Equatorial Guinea
GQ,Equatorial Guinea
Guinée Equatoriale,Equatorial Guinea
Guinée équatoriale,Equatorial Guinea
ER,Eritrea
ERITREA,Eritrea
Eritrea,Eritrea
Erythrée,Eritrea
EE,Estonia
ESTONIA,Estonia
Estonia,Estonia
Estonie,Estonia
Estonia (Soviet period),Estonia (Soviet period)
Estonia (backcast),Estonia (backcast)
Estonia Backcast - Mitchell,Estonia (backcast)
Estonia Backcast - Original Source,Estonia (backcast)
Estonia (pre-1940),Estonia (pre-1940)
Eswatini,Eswatini
SWAZILAND,Eswatini
SZ,Eswatini
Swaziland,Eswatini
ABYSSINIA,Ethiopia
ET,Ethiopia
ETH'PIA PDR,Ethiopia
ETHIOPIA,Ethiopia
Ethiopia,Ethiopia
Ethiopia (...1991),Ethiopia
Ethiopia (?1991),Ethiopia
Ethiopia (Former),Ethiopia
Ethiopia PDR,Ethiopia
Ethiopie,Ethiopia
Former Ethiopia,Ethiopia
CE,European Union
EEC,European Union
EU,European Union
EU-15,European Union
EURATOM,European Union
European Commission,European Union
European Communities,European Union
European Community,European Union
European Economic Community,European Union
European Union,European Union
European Union +,European Union
European_Community,European Union
European_Union,European Union
Union européenne,European Union
FO,Faeroe Islands
Faeroe Islands,Faeroe Islands
Faroe Islands,Faeroe Islands
Faroe_Islands,Faeroe Islands
FK,Falkland Islands (Malvinas)
Falkland Is.(Malvinas),Falkland Islands (Malvinas)
Falkland Islands,Falkland Islands (Malvinas)
Falkland Islands (Malvinas),Falkland Islands (Malvinas)
Falkland_Islands,Falkland Islands (Malvinas)
FIJI,Fiji
FJ,Fiji
Fidji,Fiji
Fiji,Fiji
Fiji Islands,Fiji
"Fiji, Republic of",Fiji
Fiji_Islands,Fiji
FI,Finland
FINLAND,Finland
Finland,Finland
Finlande,Finland
Burgundy,France
Castile,France
FR,France
FRANCE,France
France,France
"France in respect of French Guiana, Guadeloupe and Martinique",France
French Antilles,French Antilles
XA,French Antilles
French Guiana,French Guiana
French_Guiana,French Guiana
GF,French Guiana
Guyana (Fr.),French Guiana
French Polynesia,French Polynesia
French_Polynesia,French Polynesia
PF,French Polynesia
French Austral and Antarctic Territories,French Southern Territories
French Southern Terr,French Southern Territories
French Southern Territories,French Southern Territories
TF,French Southern Territories
GA,Gabon
GABON,Gabon
Gabon,Gabon
Gabon (pre-1960),Gabon (pre-1960)
GAMBIA,Gambia
GM,Gambia
Gambia,Gambia
"Gambia, The",Gambia
Gambie,Gambia
The Gambia,Gambia
??????,Georgia
GE,Georgia
GEORGIA,Georgia
Georgia,Georgia
Géorgie,Georgia
Грузия,Georgia
Georgia (backcast),Georgia (backcast)
Georgia Backcast - Mitchell,Georgia (backcast)
Georgia Backcast - Original Source,Georgia (backcast)
 Federal Republic of Germany,Germany
Allemagne,Germany
Allemagne Fédérale,Germany
Berlin (West),Germany
DE,Germany
Federal Republic of Germany,Germany
Federal_Republic_of_Germany,Germany
Former Federal Republic of Germany,Germany
GERMAN FR,Germany
GERMANY,Germany
German Federal Republic,Germany
Germany,Germany
Germany (European Community),Germany
Germany Federal Republic of,Germany
Germany West,Germany
"Germany, FRG",Germany
"Germany, Federal Republic of",Germany
"Germany, Federla Republic of",Germany
"Germany, Former FRG",Germany
"Germany, W.",Germany
"Germany, W. ",Germany
"Germany, West",Germany
West Germany,Germany
Alsace-Lorraine,Germany (Alsace-Lorraine)
Germany (Alsace-Lorraine),Germany (Alsace-Lorraine)
BADEN,Germany (Baden)
Baden,Germany (Baden)
Germany (Baden),Germany (Baden)
Germany - Baden,Germany (Baden)
Baden-Württemberg,Germany (Baden-Wurttemberg)
Baden-Württemberg,Germany (Baden-Wurttemberg)
BadenWurttemberg,Germany (Baden-Wurttemberg)
Germany (Baden-Wurttemberg),Germany (Baden-Wurttemberg)
BAVARIA,Germany (Bavaria)
Bavaria,Germany (Bavaria)
Germany (Bavaria),Germany (Bavaria)
Germany - Bavaria,Germany (Bavaria)
Germany (Hanover),Germany (Hanover)
Hanover,Germany (Hanover)
Germany (Hesse - Electoral),Germany (Hesse - Electoral)
Hesse - Electoral,Germany (Hesse - Electoral)
Hesse Electoral,Germany (Hesse - Electoral)
hesseelect,Germany (Hesse - Electoral)
Germany (Hesse - Grand Ducal),Germany (Hesse - Grand Ducal)
Hesse - Grand Ducal,Germany (Hesse - Grand Ducal)
Hesse Grand Ducal,Germany (Hesse - Grand Ducal)
hessegrand,Germany (Hesse - Grand Ducal)
Germany (Hesse),Germany (Hesse)
Hesse,Germany (Hesse)
Germany (Mecklenburg Schwerin),Germany (Mecklenburg Schwerin)
Mecklenburg Schwerin,Germany (Mecklenburg Schwerin)
mecklenburg,Germany (Mecklenburg Schwerin)
Germany (Wurttemberg),Germany (Wurttemberg)
Germany - Wurttemberg,Germany (Wurttemberg)
Wuerttemburg,Germany (Wurttemberg)
Germany (backcast),Germany (backcast)
Germany Backcast - Mitchell,Germany (backcast)
Germany Backcast - Original Source,Germany (backcast)
Germany (pre-1949),Germany (pre-1949)
Federal Republic of Germany Forecast - Mitchell,"Germany, Former FRG (forecast)"
Federal Republic of Germany Forecast - Original Source,"Germany, Former FRG (forecast)"
"Germany, Former FRG (forecast)","Germany, Former FRG (forecast)"
 German Democratic Republic,"Germany, Former GDR"
DD,"Germany, Former GDR"
DDR,"Germany, Former GDR"
East Germany,"Germany, Former GDR"
FGD,"Germany, Former GDR"
Former German Democratic Republic,"Germany, Former GDR"
GERMAN DR,"Germany, Former GDR"
German Dem Rep.,"Germany, Former GDR"
German Democratic Republic,"Germany, Former GDR"
German_Democratic_Republic,"Germany, Former GDR"
Germany East,"Germany, Former GDR"
"Germany, Democatic Republic of","Germany, Former GDR"
"Germany, Democratic Republic","Germany, Former GDR"
"Germany, Democratic Republic of","Germany, Former GDR"
"Germany, E.","Germany, Former GDR"
"Germany, E. ","Germany, Former GDR"
"Germany, East","Germany, Former GDR"
"Germany, Former GDR","Germany, Former GDR"
Germany_East,"Germany, Former GDR"
German Democratic Republic Forecast - Mitchell,"Germany, Former GDR (forecast)"
German Democratic Republic Forecast - Original Source,"Germany, Former GDR (forecast)"
"Germany, Former GDR (forecast)","Germany, Former GDR (forecast)"
GH,Ghana
GHANA,Ghana
Ghana,Ghana
GI,Gibraltar
Gibraltar,Gibraltar
Gran Colombia,Gran Colombia
GR,Greece
GREECE,Greece
Greece,Greece
Grèce,Greece
GL,Greenland
Greenland,Greenland
GD,Grenada
GRENADA,Grenada
Granada,Grenada
Grenada,Grenada
Grenade,Grenada
Ile de la Grenade,Grenada
GP,Guadeloupe
Guadeloupe,Guadeloupe
GU,Guam
Guam,Guam
GT,Guatemala
GUATEMALA,Guatemala
Guatemala,Guatemala
Bailiwick of Guernsey,Guernsey
GG,Guernsey
Guernsey,Guernsey
Guernesey et Ile de Man,Guernsey and Isle of Man
Guernsey and Isle of Man,Guernsey and Isle of Man
GN,Guinea
GUINEA,Guinea
Guinea,Guinea
Guinée,Guinea
Republic of Guinea,Guinea
GUINEA-B'AU,Guinea-Bissau
GW,Guinea-Bissau
Guinea Bissau,Guinea-Bissau
Guinea-Bissau,Guinea-Bissau
GuineaBissau,Guinea-Bissau
Guinea_Bissau,Guinea-Bissau
Guinée-Bissao,Guinea-Bissau
Guinée-Bissau,Guinea-Bissau
GUYANA,Guyana
GY,Guyana
Guyana,Guyana
HAITI,Haiti
HT,Haiti
Haiti,Haiti
Haïti,Haiti
Hawaii,Hawaii
HM,Heard Island and McDonald Islands
Heard Island and McDonald Islands,Heard Island and McDonald Islands
Holy See,Holy See
Holy_See,Holy See
Papal States,Holy See
Saint-Siège,Holy See
VA,Holy See
Vatican City,Holy See
Vatican City State,Holy See
HN,Honduras
HONDURAS,Honduras
Honduras,Honduras
"China, Hong Kong SAR",Hong Kong
China: Hong Kong SAR,Hong Kong
HK,Hong Kong
HONG KONG,Hong Kong
Hong Kong,Hong Kong
Hong Kong SAR of China,Hong Kong
"Hong Kong SAR, China",Hong Kong
Hong Kong Special Administrative Region of China,Hong Kong
"Hong Kong, China",Hong Kong
Hong_Kong,Hong Kong
 Hungary,Hungary
HU,Hungary
HUNGARY,Hungary
Hongrie,Hungary
Hungary,Hungary
ASEAN,IO-ASEAN
IO-ASEAN,IO-ASEAN
African Intellectual Property Organization,IO-African Intellectual Property Organization
IO-African Intellectual Property Organization,IO-African Intellectual Property Organization
Birdlife International,IO-Birdlife International
IO-Birdlife International,IO-Birdlife International
IO-Comprehensive Nuclear-Test-Ban Treaty Organisation,IO-Comprehensive Nuclear-Test-Ban Treaty Organisation
Conseil de l'Entente,IO-Conseil de l'Entente
IO-Conseil de l'Entente,IO-Conseil de l'Entente
EUMETSAT,IO-EUMETSAT
IO-EUMETSAT,IO-EUMETSAT
European Atomic Energy Community,IO-European Atomic Energy Community
IO-European Atomic Energy Community,IO-European Atomic Energy Community
European Bank for Reconstruction and Development (EBRD),IO-European Bank for Reconstruction and Development (EBRD)
IO-European Bank for Reconstruction and Development (EBRD),IO-European Bank for Reconstruction and Development (EBRD)
European Space Agency,IO-European Space Agency
IO-European Space Agency,IO-European Space Agency
Eutelsat,IO-Eutelsat
IO-Eutelsat,IO-Eutelsat
IAEA,IO-IAEA
IO-IAEA,IO-IAEA
IO-IUCN/SSC,IO-IUCN/SSC
IUCN/SSC,IO-IUCN/SSC
IO-International Bank for Reconstruction and Development,IO-International Bank for Reconstruction and Development
International Bank for Reconstruction and Development,IO-International Bank for Reconstruction and Development
IO-International Energy Agency,IO-International Energy Agency
International Energy Agency,IO-International Energy Agency
IO-International Epizootic Bureau,IO-International Epizootic Bureau
IO-Nordic Environment Finance Corporation (NEFCO),IO-Nordic Environment Finance Corporation (NEFCO)
Nordic Environment Finance Corporation (NEFCO),IO-Nordic Environment Finance Corporation (NEFCO)
IO-Secretariat To The Agreement On The Conservation Of Albatrosses And Petrels,IO-Secretariat To The Agreement On The Conservation Of Albatrosses And Petrels
Secretariat To The Agreement On The Conservation Of  Albatrosses And Petrels,IO-Secretariat To The Agreement On The Conservation Of Albatrosses And Petrels
Food and Agriculture Organization of the United Nations,IO-UN Food and Agriculture Organization
IO-UN Food and Agriculture Organization,IO-UN Food and Agriculture Organization
IO-UNEP/CMS Secretariat,IO-UNEP/CMS Secretariat
UNEP/CMS Secretariat,IO-UNEP/CMS Secretariat
IO-World Health Organization,IO-World Health Organization
World Health Organization,IO-World Health Organization
IO-World Meteorological Organization,IO-World Meteorological Organization
World Meteorological Organization,IO-World Meteorological Organization
ICELAND,Iceland
IS,Iceland
Iceland,Iceland
Islande,Iceland
Iceland (pre-1944),Iceland (pre-1944)
IN,India
INDIA,India
Inde,India
India,India
India (Jind),India
India (pre-1947),India (pre-1947)
French Indo-China,Indochina
Indochina,Indochina
ID,Indonesia
INDONESIA,Indonesia
Indonesia,Indonesia
Indonesia (...2002),Indonesia
Indonesia (?2002),Indonesia
Indonésie,Indonesia
IR,Iran
IRAN,Iran
Iran,Iran
Iran (I.R.),Iran
Iran (Islamic Rep. of),Iran
Iran (Islamic Republic of),Iran
Iran (Persia),Iran
"Iran, (Islamic Republic of)",Iran
"Iran, Islamic Rep.",Iran
"Iran, Islamic Rep. of",Iran
"Iran, Islamic Republic of",Iran
Islamic Republic of Iran,Iran
PERSIA,Iran
IQ,Iraq
IRAQ,Iraq
Irak,Iraq
Iraq,Iraq
Iraq (pre-1932),Iraq (pre-1932)
IE,Ireland
IRELAND,Ireland
Ireland,Ireland
Irlande,Ireland
Republic of Ireland,Ireland
IM,Isle of Man
Isle of Man,Isle of Man
IL,Israel
ISRAEL,Israel
Israel,Israel
Israël,Israel
IT,Italy
ITALY,Italy
Italie,Italy
Italy,Italy
Italy/Sardinia,Italy
JAMAICA,Jamaica
JM,Jamaica
Jamaica,Jamaica
Jamaique,Jamaica
Jamaïque,Jamaica
JAPAN,Japan
JP,Japan
Japan,Japan
Japon,Japan
JE,Jersey
Jersey,Jersey
JO,Jordan
JORDAN,Jordan
Jordan,Jordan
Jordanie,Jordan
KAZAKHSTAN,Kazakhstan
KZ,Kazakhstan
Kazakhstan,Kazakhstan
стан,Kazakhstan
Kazakhstan (backcast),Kazakhstan (backcast)
Kazakhstan Backcast - Mitchell,Kazakhstan (backcast)
Kazakhstan Backcast - Original Source,Kazakhstan (backcast)
?????????? ?????????,Kazakhstan or Russian Federation
KE,Kenya
KENYA,Kenya
Kenya,Kenya
Kenya (pre-1963),Kenya (pre-1963)
KI,Kiribati
KIRIBATI,Kiribati
Kiribati,Kiribati
Republic of Kiribati,Kiribati
Korea (pre-1950),Korea (pre-1950)
 North Korea,"Korea, Democratic People's Republic"
Corée (Nord),"Korea, Democratic People's Republic"
D.P.R. of Korea,"Korea, Democratic People's Republic"
Dem. People's Rep. of Korea,"Korea, Democratic People's Republic"
Democratic People's Rep. of Korea,"Korea, Democratic People's Republic"
Democratic People's Republic of Korea,"Korea, Democratic People's Republic"
Democratic People?s Republic of Korea,"Korea, Democratic People's Republic"
Democratic Republic of Korea,"Korea, Democratic People's Republic"
KOREA PR,"Korea, Democratic People's Republic"
KP,"Korea, Democratic People's Republic"
Korea (D.P.R.),"Korea, Democratic People's Republic"
Korea Dem,"Korea, Democratic People's Republic"
Korea North,"Korea, Democratic People's Republic"
"Korea, Dem. People's Rep","Korea, Democratic People's Republic"
"Korea, Dem. People's Rep.","Korea, Democratic People's Republic"
"Korea, Dem. People's Rep. of","Korea, Democratic People's Republic"
"Korea, Dem. Rep.","Korea, Democratic People's Republic"
"Korea, Democratic People's Republic","Korea, Democratic People's Republic"
"Korea, Democratic People's Republic of","Korea, Democratic People's Republic"
"Korea, Democratic People?s Republic of","Korea, Democratic People's Republic"
"Korea, Democratic Republic of","Korea, Democratic People's Republic"
"Korea, North","Korea, Democratic People's Republic"
"Korea, People's Republic of","Korea, Democratic People's Republic"
Korea_Dem,"Korea, Democratic People's Republic"
North Korea,"Korea, Democratic People's Republic"
 South Korea,"Korea, Republic of"
Corée (Sud),"Korea, Republic of"
KOREA,"Korea, Republic of"
KOREA REP,"Korea, Republic of"
KR,"Korea, Republic of"
Korea,"Korea, Republic of"
Korea (ROK),"Korea, Republic of"
Korea (Rep.),"Korea, Republic of"
Korea Rep,"Korea, Republic of"
Korea South,"Korea, Republic of"
"Korea, Rep.","Korea, Republic of"
"Korea, Rep. of","Korea, Republic of"
"Korea, Rep.of","Korea, Republic of"
"Korea, Republic","Korea, Republic of"
"Korea, Republic of","Korea, Republic of"
"Korea, South","Korea, Republic of"
Korea_Rep,"Korea, Republic of"
Republic of Korea,"Korea, Republic of"
Republic of Korea (South),"Korea, Republic of"
Republic_of_Korea,"Korea, Republic of"
République de Corée,"Korea, Republic of"
South Korea,"Korea, Republic of"
South_Korea,"Korea, Republic of"
KOSOVO,Kosovo
Kosovo,Kosovo
XK*,Kosovo
KUWAIT,Kuwait
KW,Kuwait
Koweit,Kuwait
Koweït,Kuwait
Kuwait,Kuwait
KG,Kyrgyzstan
KYRGYZSTAN,Kyrgyzstan
Kirghizistan,Kyrgyzstan
Kyrgyz Republic,Kyrgyzstan
Kyrgyz_Republic,Kyrgyzstan
Kyrgyzstan,Kyrgyzstan
Кыргызская Республика,Kyrgyzstan
Kyrgyzstan (backcast),Kyrgyzstan (backcast)
Kyrgyzstan Backcast - Mitchell,Kyrgyzstan (backcast)
Kyrgyzstan Backcast - Original Source,Kyrgyzstan (backcast)
LA,Laos
LAOS,Laos
Lao (P.D.R.),Laos
Lao PDR,Laos
Lao People's DR,Laos
Lao People's Dem. Rep.,Laos
Lao People's Dem. Republic,Laos
Lao People's Democratic Republic,Laos
"Lao, People's Dem. Rep.",Laos
Laos,Laos
LATVIA,Latvia
LV,Latvia
Latvia,Latvia
Lettonie,Latvia
Latvia (Soviet period),Latvia (Soviet period)
Latvia (backcast),Latvia (backcast)
Latvia Backcast - Mitchell,Latvia (backcast)
Latvia Backcast - Original Source,Latvia (backcast)
Latvia (pre-1940),Latvia (pre-1940)
LB,Lebanon
LEBANON,Lebanon
Lebanon,Lebanon
Liban,Lebanon
LESOTHO,Lesotho
LS,Lesotho
Lesotho,Lesotho
LIBERIA,Liberia
LR,Liberia
Liberia,Liberia
Libéria,Liberia
LIBYA,Libya
LY,Libya
Libya,Libya
Libyan Arab Jamahiriya,Libya
Libye,Libya
LI,Liechtenstein
LIECHTSTEIN,Liechtenstein
Liechtenstein,Liechtenstein
LITHUANIA,Lithuania
LT,Lithuania
Lithuania,Lithuania
Lithuanie,Lithuania
Lituanie,Lithuania
Lithuania (Soviet period),Lithuania (Soviet period)
Lithuania (backcast),Lithuania (backcast)
Lithuania Backcast - Mitchell,Lithuania (backcast)
Lithuania Backcast - Original Source,Lithuania (backcast)
Lithuania (pre-1940),Lithuania (pre-1940)
LU,Luxembourg
LUXEMBOURG,Luxembourg
Luxemberg,Luxembourg
Luxembourg,Luxembourg
Luxemburg,Luxembourg
"China, Macao SAR",Macao
China: Macao SAR,Macao
MO,Macao
Macao,Macao
Macao SAR of China,Macao
"Macao SAR, China",Macao
Macao Special Administrative Region of China,Macao
"Macao, China",Macao
Macedonia (backcast),Macedonia (backcast)
Macedonia Backcast - Mitchell,Macedonia (backcast)
Macedonia Backcast - Original Source,Macedonia (backcast)
 Madagasacar,Madagascar
MADAGASCAR,Madagascar
MALAGASY R,Madagascar
MG,Madagascar
Madagasacar,Madagascar
Madagascar,Madagascar
Malagasy,Madagascar
Malagasy Republic,Madagascar
MALAWI,Malawi
MW,Malawi
Malawi,Malawi
FED MALAYA,Malaysia
Federated Malay States,Malaysia
Federation of Malaya,Malaysia
MALAYSIA,Malaysia
MY,Malaysia
Malaisie,Malaysia
Malaya,Malaysia
Malaysia,Malaysia
Non-Federated Malay States,Malaysia
Iles Maldives,Maldives
MALDIVE IS,Maldives
MV,Maldives
Maldives,Maldives
MALI,Mali
ML,Mali
Mali,Mali
MALTA,Malta
MT,Malta
Malta,Malta
Malte,Malta
Iles Marshall,Marshall Islands
MARSHALL IS,Marshall Islands
MH,Marshall Islands
Marshall Islands,Marshall Islands
Marshall_Islands,Marshall Islands
Republic of the Marshall Islands,Marshall Islands
marshallis,Marshall Islands
Marshall Islands (pre-1986),Marshall Islands (pre-1986)
MQ,Martinique
Martinique,Martinique
MAURITANIA,Mauritania
MR,Mauritania
Mauritania,Mauritania
"Mauritania, Islamic Republic of",Mauritania
Mauritanie,Mauritania
Mauritania (pre-1960),Mauritania (pre-1960)
Ile Maurice,Mauritius
MAURITIUS,Mauritius
MU,Mauritius
Maurice,Mauritius
Mauritius,Mauritius
Mayotte,Mayotte
YT,Mayotte
Member countries not available,Member countries not listed
Member countries not listed,Member countries not listed
MEXICO,Mexico
MX,Mexico
Mexico,Mexico
Mexique,Mexico
FM,Micronesia
FSM,Micronesia
Federated States of Micronesia,Micronesia
Federated_States_of_Micronesia,Micronesia
MICRONESIA,Micronesia
Micronesia,Micronesia
Micronesia (F.S.),Micronesia
Micronesia (FS of),Micronesia
Micronesia (Fed. States of),Micronesia
Micronesia (Federated States of),Micronesia
"Micronesia, Fed. S",Micronesia
"Micronesia, Fed. States",Micronesia
"Micronesia, Fed. Sts.",Micronesia
"Micronesia, Fed.States of",Micronesia
"Micronesia, Federated States of",Micronesia
Micronésie,Micronesia
micronesiafs,Micronesia
Micronesia (pre-1986),Micronesia (pre-1986)
Modena,Modena
MD,Moldova
MOLDOVA,Moldova
Moldova,Moldova
"Moldova, Republic of",Moldova
Republic of Moldova,Moldova
Republic_of_Moldova,Moldova
Республика Молдова,Moldova
Moldova (backcast),Moldova (backcast)
Moldova Backcast - Mitchell,Moldova (backcast)
Moldova Backcast - Original Source,Moldova (backcast)
?????????? ???????,Moldova or Armenia
MC,Monaco
MONACO,Monaco
Monaco,Monaco
 Mongolia,Mongolia
MN,Mongolia
MONGOLIA,Mongolia
Mongolia,Mongolia
Mongolie,Mongolia
ME,Montenegro
MONTENEGRO,Montenegro
Montenegro,Montenegro
Monténégro,Montenegro
Monténégro,Montenegro
MS,Montserrat
Montserrat,Montserrat
Royaume-Uni-Montserrat,Montserrat
MA,Morocco
MOROCCO,Morocco
Maroc,Morocco
Morocco,Morocco
Morocco (pre-1956),Morocco (pre-1956)
MOZAMBIQUE,Mozambique
MZ,Mozambique
Mozambique,Mozambique
Mozambique (pre-1975),Mozambique (pre-1975)
BURMA,Myanmar
Burma,Myanmar
MM,Myanmar
MYANMAR,Myanmar
Myanmar,Myanmar
Myanmar (Burma),Myanmar
Myanmar (pre-1948),Myanmar (pre-1948)
NA,Namibia
NAMIBIA,Namibia
Namibia,Namibia
Namibie,Namibia
Namibia (pre-1990),Namibia (pre-1990)
NAURU,Nauru
NR,Nauru
Nauru,Nauru
Republic of Nauru,Nauru
NEPAL,Nepal
NP,Nepal
Nepal,Nepal
Népal,Nepal
Holland,Netherlands
NETHERLANDS,Netherlands
NL,Netherlands
Netherlands,Netherlands
Pays-Bas,Netherlands
The Netherlands (for the Kingdom in Europe),Netherlands
AN,Netherlands Antilles
Netherlands Antilles,Netherlands Antilles
Netherlands Antilles (former),Netherlands Antilles
Netherlands Antilles - Old,Netherlands Antilles
NC,New Caledonia
New Caledonia,New Caledonia
New_Caledonia,New Caledonia
NEW ZEALAND,New Zealand
NZ,New Zealand
New Zealand,New Zealand
New_Zealand,New Zealand
Nouvelle Zélande,New Zealand
Nouvelle-Zélande,New Zealand
Newfoundland,Newfoundland
NI,Nicaragua
NICARAGUA,Nicaragua
Nicaragua,Nicaragua
NE,Niger
NIGER,Niger
Niger,Niger
Niger (pre-1960),Niger (pre-1960)
NG,Nigeria
NIGERIA,Nigeria
Nigeria,Nigeria
Nigéria,Nigeria
NU,Niue
Nioué,Niue
Niue,Niue
Niue (New Zealand),Niue
Niue Island,Niue
NF,Norfolk Island
Norfolk Island,Norfolk Island
Former Yugoslav Republic of Macedonia (FYROM),North Macedonia
MACEDONIA,North Macedonia
MK,North Macedonia
Macedonia,North Macedonia
Macedonia (Former Yugoslav Republic of),North Macedonia
Macedonia FYR,North Macedonia
"Macedonia, FYR",North Macedonia
"Macedonia, Fmr Yug Rp of",North Macedonia
Macédoine,North Macedonia
North Macedonia,North Macedonia
North_Macedonia,North Macedonia
Republic of Macedonia,North Macedonia
TFYR Macedonia,North Macedonia
TFYR of Macedonia,North Macedonia
The FYR of Macedonia,North Macedonia
The former Yugoslav Republic of Macedonia,North Macedonia
fyromacedonia,North Macedonia
Northern Ireland,Northern Ireland
MP,Northern Mariana Islands
Northern Mariana Is.,Northern Mariana Islands
Northern Mariana Islands,Northern Mariana Islands
Northern_Mariana_Islands,Northern Mariana Islands
NO,Norway
NORWAY,Norway
Norvège,Norway
Norway,Norway
Norway (pre-1905),Norway (pre-1905)
OM,Oman
OMAN,Oman
Omaan,Oman
Oman,Oman
Orange Free State,Orange Free State
Organisation of Eastern Caribbean States,Organisation of Eastern Caribbean States
PC,"Pacific Islands, Trust Territory"
Pacific Islands (Trust Territory),"Pacific Islands, Trust Territory"
Pacific Islands Trust Territory,"Pacific Islands, Trust Territory"
"Pacific Islands, Trust Territory","Pacific Islands, Trust Territory"
Pacific Trust Territories,"Pacific Islands, Trust Territory"
PAKISTAN,Pakistan
PK,Pakistan
Pakistan,Pakistan
PALAU,Palau
PW,Palau
Palaos,Palau
Palau,Palau
"Palau, Republic of",Palau
Republic of Palau,Palau
Palestine (pre-1988),Palestine (pre-1988)
Occupied Palestinian Terr.,"Palestine, Occupied Territories"
Occupied Palestinian Territory,"Palestine, Occupied Territories"
PS,"Palestine, Occupied Territories"
Palestine,"Palestine, Occupied Territories"
"Palestine, Occupied Territories","Palestine, Occupied Territories"
"Palestine, Occupied Tr.","Palestine, Occupied Territories"
Palestinian Adm. Areas,"Palestine, Occupied Territories"
State of Palestine,"Palestine, Occupied Territories"
West Bank and Gaza,"Palestine, Occupied Territories"
PA,Panama
PANAMA,Panama
Panama,Panama
Panama - Obsolete,Panama
Panama - Old,Panama
"Panama, Canal Zone","Panama, Canal Zone"
"Panama, excluding Canal Zone","Panama, excluding Canal Zone"
Independent State of Papua New Guinea,Papua New Guinea
PAPUA NEW G,Papua New Guinea
PG,Papua New Guinea
PNG,Papua New Guinea
Papouasie-Nouvelle Guinée,Papua New Guinea
Papouasie-Nouvelle-Guinée,Papua New Guinea
Papua New Guinea,Papua New Guinea
Papua_New_Guinea,Papua New Guinea
PARAGUAY,Paraguay
PY,Paraguay
Paraguay,Paraguay
Parma,Parma
PE,Peru
PERU,Peru
Peru,Peru
Pérou,Peru
PH,Philippines
PHILIPPINES,Philippines
Philippines,Philippines
Republic of the Philippines,Philippines
Republic_of_the_Philippines,Philippines
PN,Pitcairn
Pitcairn,Pitcairn
Pitcairn Islands,Pitcairn
"Pitcairn, Henderson, Ducie and Oeno Islands",Pitcairn
Pitcairn_Islands,Pitcairn
 Poland,Poland
PL,Poland
POLAND,Poland
Poland,Poland
Pologne,Poland
Danzig,Poland (Danzig)
Poland (Danzig),Poland (Danzig)
PORTUGAL,Portugal
PT,Portugal
Portugal,Portugal
Prussia,Prussia
PR,Puerto Rico
Puerto Rico,Puerto Rico
Puerto_Rico,Puerto Rico
QA,Qatar
QATAR,Qatar
Qatar,Qatar
Qatar (pre-1971),Qatar (pre-1971)
RE,Reunion
Reunion,Reunion
Réunion,Reunion
Réunion,Reunion
 Romania,Romania
RO,Romania
ROMANIA,Romania
Romania,Romania
Romania - Old,Romania
Roumanie,Romania
Rumania,Romania
Russia (pre-1917),Russia (pre-1917)
 Russian Federation,Russian Federation
FFR,Russian Federation
RU,Russian Federation
RUSSIA,Russian Federation
Russia,Russian Federation
Russian Federation,Russian Federation
Russian Federation (Europe),Russian Federation
Russian_Federation,Russian Federation
Russie,Russian Federation
Российская Федерация,Russian Federation
Russia (Soviet Union),Russian Federation (Soviet period)
Russian Federation (Soviet period),Russian Federation (Soviet period)
Russia Backcast - Mitchell,Russian Federation (backcast)
Russia Backcast - Original Source,Russian Federation (backcast)
Russian Federation (backcast),Russian Federation (backcast)
 Ruanda,Rwanda
RW,Rwanda
RWANDA,Rwanda
Ruanda,Rwanda
Rwanda,Rwanda
EH,Sahrawi Arab Democratic Republic
Sahrawi Arab Democratic Republic,Sahrawi Arab Democratic Republic
Saint Barthelemy,Saint Barthelemy
Saint_Barthelemy,Saint Barthelemy
St Barthelemy,Saint Barthelemy
St. Barthelemy,Saint Barthelemy
Royaume-Uni-Sainte-Hélène (avec Ascension),Saint Helena
Royaume-Uni-Sainte-Hélène (avec Ascension),Saint Helena
SH,Saint Helena
Saint Helena,Saint Helena
Saint Helena and Dependencies,Saint Helena
St. Helena,Saint Helena
KN,Saint Kitts and Nevis
ST KITT/NEV,Saint Kitts and Nevis
Saint Kitts and Nevis,Saint Kitts and Nevis
Saint-Christophe et Nieves,Saint Kitts and Nevis
Saint-Kitts-et-Nevis,Saint Kitts and Nevis
Saint_Kitts_and_Nevis,Saint Kitts and Nevis
St Kitts and Nevis,Saint Kitts and Nevis
St. Kitts & Nevis,Saint Kitts and Nevis
St. Kitts and Nevi,Saint Kitts and Nevis
St. Kitts and Nevis,Saint Kitts and Nevis
St. Kitts-Nevis,Saint Kitts and Nevis
St. Kitts-Nevis-Anguilla,Saint Kitts and Nevis
stkitts,Saint Kitts and Nevis
Saint Kitts and Nevis (pre-1983),Saint Kitts and Nevis (pre-1983)
Ile Sainte-Lucie,Saint Lucia
LC,Saint Lucia
SAINT LUCIA,Saint Lucia
Saint Lucia,Saint Lucia
Saint_Lucia,Saint Lucia
Sainte-Lucie,Saint Lucia
Santa LucIa,Saint Lucia
St. Lucia,Saint Lucia
stlucia,Saint Lucia
Saint Martin,Saint Martin
Saint_Martin,Saint Martin
St. Martin,Saint Martin
Saint Martin (Dutch),Saint Martin (Dutch)
Sint Maarten (Dutch part),Saint Martin (Dutch)
Saint Martin (French),Saint Martin (French)
St. Martin (French part),Saint Martin (French)
PM,Saint Pierre and Miquelon
Saint Pierre and Miquelon,Saint Pierre and Miquelon
St. Pierre and Miquelon,Saint Pierre and Miquelon
ST VINCENT,Saint Vincent and the Grenadines
Saint Vincent & Grenadines,Saint Vincent and the Grenadines
Saint Vincent & the Grenadines,Saint Vincent and the Grenadines
Saint Vincent and Gren.,Saint Vincent and the Grenadines
Saint Vincent and the Grenadines,Saint Vincent and the Grenadines
Saint Vincent/Grenadines,Saint Vincent and the Grenadines
Saint-Vincent et Grenadines,Saint Vincent and the Grenadines
Saint-Vincent-et-les Grenadin,Saint Vincent and the Grenadines
Saint-Vincent-et-les Grenadines,Saint Vincent and the Grenadines
St Vin and Gren,Saint Vincent and the Grenadines
St Vincent and the Grenadines,Saint Vincent and the Grenadines
St. Vincent,Saint Vincent and the Grenadines
St. Vincent & Grenadines,Saint Vincent and the Grenadines
St. Vincent and the Grenadines,Saint Vincent and the Grenadines
St. Vincent-Grenadines,Saint Vincent and the Grenadines
St.Vincent & Grenadines,Saint Vincent and the Grenadines
St_Vin_and_Gren,Saint Vincent and the Grenadines
St_Vincent_and_the_Grenadines,Saint Vincent and the Grenadines
VC,Saint Vincent and the Grenadines
stvincent,Saint Vincent and the Grenadines
Independent State of Samoa,Samoa
SAMOA,Samoa
Samoa,Samoa
WESTN SAMOA,Samoa
WS,Samoa
Western Samoa,Samoa
Western_Samoa,Samoa
SAN MARINO,San Marino
SM,San Marino
Saint-Marin,San Marino
San Marino,San Marino
San_Marino,San Marino
SAO TOME/PR,Sao Tome and Principe
SAO TOMEEPR,Sao Tome and Principe
ST,Sao Tome and Principe
Sao Tome & Principe,Sao Tome and Principe
Sao Tome And Principe,Sao Tome and Principe
Sao Tome and Princ,Sao Tome and Principe
Sao Tome and Principe,Sao Tome and Principe
Sao Tomé-et-Principe,Sao Tome and Principe
Sao_Tome_And_Principe,Sao Tome and Principe
Sao_Tome_and_Principe,Sao Tome and Principe
São Tomé and Principe,Sao Tome and Principe
saotome,Sao Tome and Principe
Sardinia,Sardinia
Arabie Saoudite,Saudi Arabia
SA,Saudi Arabia
SA'U ARABIA,Saudi Arabia
Saudi Arabia,Saudi Arabia
Saudi_Arabia,Saudi Arabia
Saudi Arabia (pre-1927),Saudi Arabia (pre-1927)
Saxony,Saxony
SENEGAL,Senegal
SN,Senegal
Senegal,Senegal
Sénégal,Senegal
RS,Serbia
Republic of Serbia,Serbia
SERBIA,Serbia
Serbia,Serbia
Serbia (Yugoslavia),Serbia
Serbie,Serbia
"Yugoslavia, FR (Se",Serbia
"Yugoslavia, SFR",Serbia
yugoslaviaserb,Serbia
Serbia (pre-1992),Serbia (pre-1992)
 Serbia and Montenegro,Serbia
CS,Serbia
SERBIA AND MONTENEGRO,Serbia
Serbia & Montenegro,Serbia
Serbia and Montenegro,Serbia
Serbia-Montenegro,Serbia
Yugoslavia (Serbia & Montenegro),Serbia
Serbia and Montenegro (backcast),Serbia and Montenegro (backcast)
Serbia and Montenegro Backcast - Mitchell,Serbia and Montenegro (backcast)
Serbia and Montenegro Backcast - Original Source,Serbia and Montenegro (backcast)
"Serbia, Montenegro & Macedonia",Serbia
"Serbia, Montenegro and Macedonia",Serbia
SC,Seychelles
SEYCHELLES,Seychelles
SEYCHELLSS,Seychelles
Seychelles,Seychelles
"Seychelles, Republic of",Seychelles
SIERRA LEO,Sierra Leone
SL,Sierra Leone
Sierra Leone,Sierra Leone
Sierra_Leone,Sierra Leone
SG,Singapore
SINGAPORE,Singapore
Singapore,Singapore
Singapour,Singapore
République Slovaque,Slovakia
SK,Slovakia
SLOVAK REP,Slovakia
Slovak Republic,Slovakia
Slovak_Republic,Slovakia
Slovakia,Slovakia
Slovaquie,Slovakia
Slovakia (backcast),Slovakia (backcast)
Slovakia Backcast - Mitchell,Slovakia (backcast)
Slovakia Backcast - Original Source,Slovakia (backcast)
SI,Slovenia
SLOVENIA,Slovenia
Slovenia,Slovenia
Slovénie,Slovenia
Slovenia (backcast),Slovenia (backcast)
Slovenia Backcast - Mitchell,Slovenia (backcast)
Slovenia Backcast - Original Source,Slovenia (backcast)
Iles Salomon,Solomon Islands
SB,Solomon Islands
SOLOMON IS,Solomon Islands
"Salomon, Iles",Solomon Islands
Solomon Islands,Solomon Islands
Solomon_Islands,Solomon Islands
solomonis,Solomon Islands
SO,Somalia
SOMALIA,Somalia
Somali Republic,Somalia
Somali_Republic,Somalia
Somalia,Somalia
Somalie,Somalia
Afrique du Sud,South Africa
Republic of South Africa,South Africa
SO AFRICA,South Africa
South Africa,South Africa
South_Africa,South Africa
Union of South Africa,South Africa
ZA,South Africa
GS,South Georgia and the South Sandwich Islands
South Georgia and South Sandwich Islands,South Georgia and the South Sandwich Islands
South Georgia and the South Sandwich Islands,South Georgia and the South Sandwich Islands
South Ossetia,South Ossetia
SOUTH SUDAN,South Sudan
SS,South Sudan
South Sudan,South Sudan
South_Sudan,South Sudan
ES,Spain
Espagne,Spain
SPAIN,Spain
Spain,Spain
CEYLON,Sri Lanka
Ceylon,Sri Lanka
LK,Sri Lanka
SRI LANKA,Sri Lanka
Sri Lanka,Sri Lanka
Sri Lanka (Ceylon),Sri Lanka
Sri Lanka (formerly Ceylon),Sri Lanka
Sri_Lanka,Sri Lanka
srilanka,Sri Lanka
SD,Sudan
SUDAN,Sudan
Soudan,Sudan
Sudan,Sudan
Sudan (...2011),Sudan
Sudan (?2011),Sudan
Sudan (Former),Sudan
Sudan (pre-1956),Sudan (pre-1956)
Republic of Suriname,Suriname
SR,Suriname
SURINAME,Suriname
Surinam,Suriname
Suriname,Suriname
Suriname (pre-1975),Suriname (pre-1975)
SJ,Svalbard and Jan Mayen Islands
Svalbard and Jan Mayen,Svalbard and Jan Mayen Islands
Svalbard and Jan Mayen Islands,Svalbard and Jan Mayen Islands
SE,Sweden
SWEDEN,Sweden
Suède,Sweden
Sweden,Sweden
Sweden (pre-1905),Sweden (pre-1905)
CH,Switzerland
SWITZERLAND,Switzerland
Suisse,Switzerland
Switzerland,Switzerland
Switzerland (Geneva),Switzerland
SY,Syria
SYRIA,Syria
Syria,Syria
Syrian Arab Republ,Syria
Syrian Arab Republic,Syria
Syrie,Syria
Syria (pre-1961),Syria (pre-1961)
"China, Taiwan Province of",Taiwan
Chinese Taipei,Taiwan
TAIWAN,Taiwan
TW,Taiwan
Taiwan,Taiwan
Taiwan (Republic of China),Taiwan
Taiwan Province of China,Taiwan
"Taiwan, Province of China",Taiwan
Taïwan,Taiwan
?????????? ???????????,Tajikistan
TAJIKISTAN,Tajikistan
TJ,Tajikistan
Tadjikistan,Tajikistan
Tajikistan,Tajikistan
Tajikstan,Tajikistan
Республика Таджикистан,Tajikistan
Tajikistan (backcast),Tajikistan (backcast)
Tajikistan Backcast - Mitchell,Tajikistan (backcast)
Tajikistan Backcast - Original Source,Tajikistan (backcast)
TANGANYIKA,Tanzania
TANZANIA,Tanzania
TZ,Tanzania
Tanganyika,Tanzania
Tanzania,Tanzania
Tanzania (pre-1961),Tanzania
Tanzania United Republic of,Tanzania
"Tanzania, Un. Rep. of",Tanzania
"Tanzania, United Rep. of",Tanzania
"Tanzania, United Republic",Tanzania
"Tanzania, United Republic of",Tanzania
Tanzania/Tanganyika,Tanzania
Tanzanie,Tanzania
U.R. of Tanzania: Mainland,Tanzania
United Rep. of Tanzania,Tanzania
United Republic of Tanzania,Tanzania
United Republic of Tanzania: Mainland,Tanzania
Tanzania (pre-1964),Tanzania (pre-1964)
SIAM,Thailand
Siam,Thailand
TH,Thailand
THAILAND,Thailand
Thailand,Thailand
Thaïlande,Thailand
Tibet,Tibet
EAST TIMOR,Timor-Leste
East Timor,Timor-Leste
East Timor - Old,Timor-Leste
TL,Timor-Leste
TP,Timor-Leste
Timor Leste,Timor-Leste
Timor-Leste,Timor-Leste
Timor-Leste (Democratic Republic of),Timor-Leste
TimorLeste,Timor-Leste
Timor_Leste,Timor-Leste
TG,Togo
TOGO,Togo
Togo,Togo
TK,Tokelau
Tokelau,Tokelau
Tokelau (New Zealand),Tokelau
Kingdom of Tonga,Tonga
TO,Tonga
TONGA,Tonga
Tonga,Tonga
Transkei,Transkei
TRINIDAD,Trinidad and Tobago
TT,Trinidad and Tobago
Trinidad,Trinidad and Tobago
Trinidad & Tobago,Trinidad and Tobago
Trinidad and Tobag,Trinidad and Tobago
Trinidad and Tobago,Trinidad and Tobago
Trinidad_and_Tobago,Trinidad and Tobago
Trinité et Tobago,Trinidad and Tobago
Trinité-et-Tobago,Trinidad and Tobago
TN,Tunisia
TUNISIA,Tunisia
Tunisia,Tunisia
Tunisie,Tunisia
Tunisia (pre-1956),Tunisia (pre-1956)
OTTOMAN EMP,Turkey
TR,Turkey
TURKEY,Turkey
Turkey,Turkey
Turkey (Ottoman Empire),Turkey
Turkiye,Turkey
Turquie,Turkey
Türkiye,Turkey
Turkey (pre-1923),Turkey (pre-1923)
????????????,Turkmenistan
TM,Turkmenistan
TURKMENSTAN,Turkmenistan
Turkmenistan,Turkmenistan
Turkménistan,Turkmenistan
Туркменистан,Turkmenistan
Turkmenistan (backcast),Turkmenistan (backcast)
Turkmenistan Backcast - Mitchell,Turkmenistan (backcast)
Turkmenistan Backcast - Original Source,Turkmenistan (backcast)
TC,Turks and Caicos Islands
Turks and Caicos,Turks and Caicos Islands
Turks and Caicos Is.,Turks and Caicos Islands
Turks and Caicos Islands,Turks and Caicos Islands
Turks_and_Caicos_Islands,Turks and Caicos Islands
Tuscany,Tuscany
TUVALU,Tuvalu
TV,Tuvalu
Tulavu,Tuvalu
Tuvalu,Tuvalu
Two Sicilies,Two Sicilies
Ouganda,Uganda
UG,Uganda
UGANDA,Uganda
Uganda,Uganda
Uganda (pre-1962),Uganda (pre-1962)
???????,Ukraine
UA,Ukraine
UKRAINE,Ukraine
Ukraine,Ukraine
Ukraine+,Ukraine
Ukrainian Soviet Socialist Republic,Ukraine
Украина,Ukraine
Ukraine (Soviet period),Ukraine (Soviet period)
Ukraine (backcast),Ukraine (backcast)
Ukraine Backcast - Mitchell,Ukraine (backcast)
Ukraine Backcast - Original Source,Ukraine (backcast)
Former USSR,Russian Federation
SU,Russian Federation
Soviet Union,Russian Federation
U.S.S.R.,Russian Federation
USSR,Russian Federation
USSR (Former),Russian Federation
"USSR, European part",Russian Federation
USSR-10,Russian Federation
USSR-11,Russian Federation
USSR-7,Russian Federation
USSR-9,Russian Federation
Un. Sov. Soc. Rep.,Russian Federation
Union of Soviet Socialist Republics,Russian Federation
Union of Soviet Socialist Republics (10),Russian Federation
Union of Soviet Socialist Republics (11),Russian Federation
Union of Soviet Socialist Republics (7),Russian Federation
Union of Soviet Socialist Republics (9),Russian Federation
Union of Soviet Socialist Republics (forecast),Union of Soviet Socialist Republics (forecast)
Union of Soviet Socialist Republics Forecast - Mitchell,Union of Soviet Socialist Republics (forecast)
Union of Soviet Socialist Republics Forecast - Original Source,Union of Soviet Socialist Republics (forecast)
AE,United Arab Emirates
Emirats arabes unis,United Arab Emirates
UA EMIRATES,United Arab Emirates
UAE,United Arab Emirates
United Arab Emirat,United Arab Emirates
United Arab Emirates,United Arab Emirates
United_Arab_Emirates,United Arab Emirates
British Antarctic Territory,United Kingdom
British Empire,United Kingdom
England,United Kingdom
GB,United Kingdom
Grande-Bretagne,United Kingdom
Great Britain,United Kingdom
Royaume-Uni,United Kingdom
UK,United Kingdom
UK (for Pitcairn Is.),United Kingdom
United Kindom of Great Britain and Northern Ireland,United Kingdom
United Kingdom,United Kingdom
United Kingdom Territories,United Kingdom
United Kingdom of Great Britain and Northern Ireland,United Kingdom
United_Kingdom,United Kingdom
United Province CA,United Province CA
Etats-Unis,United States
US,United States
USA,United States
United States,United States
United States of America,United States
United_States,United States
United_States_of_America,United States
UM,United States Minor Outlying Islands
United States Minor Outlying Islands,United States Minor Outlying Islands
US Virgin Islands,United States Virgin Islands
US_Virgin_Islands,United States Virgin Islands
United States Virgin Islands,United States Virgin Islands
VI,United States Virgin Islands
Virgin Islands (U.S.),United States Virgin Islands
"Virgin Islands, United States",United States Virgin Islands
Unknown,Unknown
XX,Unknown
URUGUAY,Uruguay
UY,Uruguay
Uruguay,Uruguay
Ouzbékistan,Uzbekistan
UZ,Uzbekistan
UZBEKISTAN,Uzbekistan
Uzbekistan,Uzbekistan
Республика Узбекистан,Uzbekistan
Uzbekistan (backcast),Uzbekistan (backcast)
Uzbekistan Backcast - Mitchell,Uzbekistan (backcast)
Uzbekistan Backcast - Original Source,Uzbekistan (backcast)
?????????? ??????????,Uzbekistan or Kyrgyzstan
Republic of Vanuatu,Vanuatu
VANUATU,Vanuatu
VU,Vanuatu
Vanuatu,Vanuatu
Various,Various
XV,Various
Venda,Venda
VE,Venezuela
VENEZUELA,Venezuela
Venezuela,Venezuela
Venezuela (Bolivarian Republic of),Venezuela
"Venezuela, Boliv Rep of",Venezuela
"Venezuela, Boliv. Rep. of",Venezuela
"Venezuela, Bolivarian Republic of",Venezuela
"Venezuela, RB",Venezuela
"Venezuela, Republica Bolivariana de",Venezuela
Vénézuéla,Venezuela
Socialist Republic of Viet Nam,Viet Nam
Socialist Republic of Vietnam,Viet Nam
VIETNAM,Viet Nam
VN,Viet Nam
Viet Nam,Viet Nam
Viet_Nam,Viet Nam
Vietnam,Viet Nam
Vietnam (Annam/Cochin China/Tonkin),Viet Nam
Viet Nam (pre-1954),Viet Nam (pre-1954)
VIETNAM DR,"Vietnam, North"
Vietnam North,"Vietnam, North"
"Vietnam, Democratic Republic of","Vietnam, North"
"Vietnam, N.","Vietnam, North"
"Vietnam, North","Vietnam, North"
Republic of Vietnam,"Vietnam, South"
South Vietnam,"Vietnam, South"
South_Vietnam,"Vietnam, South"
VIETNAM REP,"Vietnam, South"
Vietnam South,"Vietnam, South"
"Vietnam, Republic of","Vietnam, South"
"Vietnam, S.","Vietnam, South"
"Vietnam, South","Vietnam, South"
svietnam,"Vietnam, South"
WF,Wallis and Futuna Islands
Wallis & Futuna,Wallis and Futuna Islands
Wallis and Futuna,Wallis and Futuna Islands
Wallis and Futuna Is.,Wallis and Futuna Islands
Wallis and Futuna Islands,Wallis and Futuna Islands
Wallis_and_Futuna,Wallis and Futuna Islands
Western Sahara,Western Sahara
Western_Sahara,Western Sahara
Republic of Yemen,Yemen
YE,Yemen
YEMEN,Yemen
YEMEN AR,Yemen
YEMEN REP,Yemen
Yemen,Yemen
"Yemen, Rep.",Yemen
Yémen,Yemen
Yemen (pre-1962),Yemen (pre-1962)
Yemen (Arab Republic of Yemen),"Yemen, Arab Republic"
Yemen Arab Republic,"Yemen, Arab Republic"
Yemen Arab Republic (Former),"Yemen, Arab Republic"
Yemen North,"Yemen, Arab Republic"
"Yemen, Arab Republic","Yemen, Arab Republic"
"Yemen, N.","Yemen, Arab Republic"
"Yemen, North","Yemen, Arab Republic"
Yemen: Former Yemen Arab Republic,"Yemen, Arab Republic"
Yemen_Arab_Republic,"Yemen, Arab Republic"
nyemen,"Yemen, Arab Republic"
 People's Republic of Southern Yemen,"Yemen, Democratic"
Aden,"Yemen, Democratic"
Democratic Yemen,"Yemen, Democratic"
People's Republic of Southern Yemen,"Yemen, Democratic"
People?s Democratic Republic of Yemen,"Yemen, Democratic"
People’s Democratic Republic of Yemen,"Yemen, Democratic"
South Yemen,"Yemen, Democratic"
South_Yemen,"Yemen, Democratic"
Southern Yemen,"Yemen, Democratic"
YEMEN PDR,"Yemen, Democratic"
Yemen (Aden),"Yemen, Democratic"
Yemen Democratic (Former),"Yemen, Democratic"
Yemen People's Republic,"Yemen, Democratic"
Yemen South,"Yemen, Democratic"
"Yemen, Democratic","Yemen, Democratic"
"Yemen, People's Republic of","Yemen, Democratic"
"Yemen, S.","Yemen, Democratic"
"Yemen, South","Yemen, Democratic"
"Yemen, Southern","Yemen, Democratic"
Yemen: Former Democratic Yemen,"Yemen, Democratic"
Democratic Federal Yugoslavia/Federal People's Republic of Yugoslavia,Serbia
Federal Republic of Yugoslavia,Serbia
Former Yugoslavia,Serbia
SERB-CROAT-SLOVENE STATE,Serbia
"Serbs, Croats, Slovenes",Serbia
Socialist Federal Republic of Yugoslavia,Serbia
Socialist Federative Republic of Yugoslavia,Serbia
YU,Serbia
YUGOSLAVIA,Serbia
Yugoslav SFR,Serbia
Yugoslavia,Serbia
Yugoslavia (Former),Serbia
Yugoslavia (Socialist Federal Republic of),Serbia
Yugoslavia SFR,Serbia
Yugoslavia (1918-1943),Yugoslavia (1918-1943)
Yugoslavia (forecast),Yugoslavia (forecast)
Yugoslavia Forecast - Mitchell,Yugoslavia (forecast)
Yugoslavia Forecast - Original Source,Yugoslavia (forecast)
Yugoslavia (pre-1918),Yugoslavia (pre-1918)
ZAMBIA,Zambia
ZM,Zambia
Zambia,Zambia
Zambie,Zambia
United Republic of Tanzania: Zanzibar,Zanzibar
Zanzibar,Zanzibar
RHODESIA,Zimbabwe
Rhodesia,Zimbabwe
ZIMBABWE,Zimbabwe
ZW,Zimbabwe
Zimbabwe,Zimbabwe
Zimbabwe (pre-1965),Zimbabwe (pre-1965)
Freedom House,aaSources of names
LRTAP,aaSources of names
Membership sources,aaSources of names
WDI,aaSources of names
aaSources of names,aaSources of names
Brunswick,Brunswick
Burma/Myanmar,Myanmar
Hamburg,Hamburg
Hesse-Darmstadt,Hesse-Darmstadt
Hesse-Kassel,Hesse-Kassel
Nassau,Nassau
Oldenburg,Oldenburg
Palestine/British Mandate,Palestine (pre-1988)
Palestine/Gaza,"Palestine, Occupied Territories"
Palestine/West Bank,"Palestine, Occupied Territories"
Piedmont-Sardinia,Piedmont-Sardinia
Saxe-Weimar-Eisenach,Saxe-Weimar-Eisenach
Somaliland,Somalia
Türkiye,Turkey
Würtemberg,Germany (Wurttemberg)